{"cameraMode":{"drawMode":0,"name":"Shaded","section":"Shading Mode"},"sceneLighting":true,"audioPlay":false,"sceneViewState":{"showFog":true,"showMaterialUpdate":false,"showSkybox":true,"showFlares":true,"showImageEffects":true,"showParticleSystems":true},"in2DMode":false,"pivot":{"x":7.1806640625,"y":3.67144775390625,"z":35.145263671875},"rotation":{"x":-0.5970262885093689,"y":0.3017818331718445,"z":-0.2585013210773468,"w":-0.6969752311706543},"size":15.352689743041993,"orthographic":true}