{"cameraMode":{"drawMode":0,"name":"Shaded","section":"Shading Mode"},"sceneLighting":true,"audioPlay":false,"sceneViewState":{"showFog":true,"showMaterialUpdate":false,"showSkybox":true,"showFlares":true,"showImageEffects":true,"showParticleSystems":true},"in2DMode":false,"pivot":{"x":3.00830078125,"y":2.275634765625,"z":47.276123046875},"rotation":{"x":-0.38003799319267275,"y":-0.14322330057621003,"z":0.05952507629990578,"w":-0.9119917154312134},"size":2.772726535797119,"orthographic":true}